Question,Normal_Response,Moderate_Response,Urgent_Response
什麼是憂鬱症？,憂鬱症是一種常見且嚴重的醫學疾病，它會對您的感受、思考方式和行為產生負面影響。幸運的是，它是可以治療的。憂鬱症會導致悲傷的感覺和/或對您曾經喜愛的活動失去興趣。它可能導致各種情感和身體上的問題，並可能減少您在工作和家中的功能。,我知道您可能正在經歷困難時期，憂鬱症確實是一種嚴重的醫學疾病，但是它是可以治療的。重要的是，您不必獨自面對，尋找支持和協助可以幫助您度過這段時期。,您的感受很重要。如果您覺得無法繼續下去，請立即尋求專業幫助或告訴身邊的人。憂鬱症是可以治療的，您不必獨自承受。
我覺得我讓我的父母失望了,無論你覺得自己如何，你的父母永遠愛你，且他們會理解並支持你。,請考慮與他們分享你的感受，他們的愛和支持可能會是你最大的力量。,記住，每一個人都有困難的時刻，你並不孤單。儘可能尋求家人和朋友的支持。
有哪些類型的憂鬱症？,有多種不同形式的憂鬱症，包括臨床憂鬱症、持續性憂鬱症、躁鬱症和產後憂鬱症。,記住，知識是力量。了解你可能面臨的問題是向康復的第一步。,如果你覺得自己可能受到憂鬱症的影響，請尋求專業的幫助和支持。
我一無是處。,你的價值遠遠超過你目前的感覺。每個人都有自己獨特的才能和價值。,當你遭遇困難時，請記住你過去的成就和你所愛的人對你的愛。,如果這些感覺持續，請考慮尋求專業的幫助和支持。
什麼是壓力？,壓力是一個身體的反應，當面臨挑戰或危險時，身體會產生一系列的生物反應。這些反應有助於我們面對或逃避威脅。,我明白您最近可能感到壓力很大，面對壓力時，聆聽音樂、放鬆和休息是有助於緩解的方法。與他人分享您的感受也是一個好方法。,如果您覺得壓力讓您無法承受，請立即尋求幫助。您的感受很重要，請記得與家人或朋友分享。
我想自殺。,對不起您這麼覺得，但請立即尋求專業幫助。,我很抱歉您這麼感受，但請立即與專業輔導員聯繫：9152987821。請記住，您對某人來說是很重要的。,您的安全很重要，如果您考慮自殺，請立即尋求專業的協助或告訴身邊的人。
我擔心我會再次失敗。,失敗是成功之母，永遠不要害怕失敗。,每個人都有失敗的時候，但是您的努力和決心將幫助您達到您的目標。,我知道失敗可能會帶來很大的打擊，但請記住，您的價值不僅僅基於您的成就，而是基於您是誰。
什麼是憂鬱症？,憂鬱症是一種情感障礙，導致持續的悲傷和失去興趣的感覺。這也被稱為重大的抑鬱障礙或臨床抑鬱症，它會影響您的感覺、思考和行為，並可能導致各種情感和身體問題。,我知道您可能正在經歷困難時期，憂鬱症確實是一種嚴重的醫學疾病，但是它是可以治療的。重要的是，您不必獨自面對，尋找支持和協助可以幫助您度過這段時期。,您的感受很重要。如果您覺得無法繼續下去，請立即尋求專業幫助或告訴身邊的人。憂鬱症是可以治療的，您不必獨自承受。
什麼是憂鬱症的原因？ ,這很複雜，並且有多種原因導致重度憂鬱症。如遺傳易感性、嚴重的生活壓力、您可能攝取的物質（某些藥物、藥品和酒精）以及醫學狀況都可能影響大腦調節心情的方式。,我知道患有憂鬱症可能是一件非常困難的事情，但請記住，許多因素可能導致此症狀，且有多種治療方法可供選擇。重要的是，您不必獨自面對這一切。,您的感受很重要。如果您覺得生活過於壓抑，請立即尋求專業幫助。有很多人和專業機構都可以提供幫助。
什麼是憂鬱症的主要原因？,虐待。過去的身體、性或情感虐待可能增加晚年患有臨床憂鬱症的風險。,如果您曾經經歷過這樣的事情，我真心希望您能找到支持和幫助。過去的經歷可能會導致心靈上的傷害，但您值得得到幫助和支持。,您的感受和經歷都很重要。如果您覺得無法承受，請立即尋求專業幫助。
哪個年齡層的憂鬱症比例最高？,這個數字代表了所有美國成人的7.1%。成年女性的重度憂鬱發作患病率（8.7%）比男性（5.3%）高。18-25歲的成年人中，患有重度憂鬱發作的比例最高，達到13.1%。,這是一個很具壓力的年齡階段，許多人都在這段時期面臨各種挑戰。但請記住，您不是唯一面對這些問題的人，且有許多資源可以幫助您。,您的感受很重要。如果您覺得無法繼續，請立即尋求幫助。有很多人願意幫助您走出困境。
哪個國家的憂鬱症比例最高？,患有憂鬱症最嚴重的國家是阿富汗，超過五分之一的人都受到此疾病的困擾。憂鬱症患病率最低的國家是日本，診斷率低於2.5%。,我們的生活環境和社會背景都可能影響我們的心情。請尋找支持和協助，這可以幫助您克服這段困難時期。,您的感受和情感都很重要。如果您覺得需要幫助，請立即尋求專業協助。
學校是憂鬱症的原因嗎？ ,學校不僅有時會導致憂鬱症，憂鬱症也可能干擾學業。此外，研究顯示，所有心理健康狀況中有75%都是在24歲之前開始的。因此，大學時期是了解和討論青少年心理健康的關鍵時期。,我知道學校生活可能很具壓力和挑戰，並且可能導致情緒問題。請記住，您不必獨自面對這些情感，可以尋求幫助和支持。,您的感受很重要。如果您覺得壓力無法承受，請立即尋求專業幫助或告訴身邊的人。您不必獨自承受這些情感。
什麼是憂鬱症的生物原因？,憂鬱症沒有單一的原因；它是壓力和某人發展憂鬱症的易感性的組合。發展憂鬱症的傾向可能是遺傳的。其他的生物原因可能包括身體疾病、衰老過程和性別。,患有憂鬱症可能與多種因素有關，但最重要的是尋求適當的幫助和治療。您並不孤單，有很多資源和方法可以幫助您。,您的感受很重要。如果您覺得情況持續惡化，請立即尋求專業幫助。您值得獲得幫助和支持。
憂鬱症如何影響世界？,憂鬱症是全球殘疾的主要原因，並且是疾病總全球負擔的主要因素。受憂鬱症影響的女性比男性多。憂鬱症可能導致自殺。對於中度和重度憂鬱症，有有效的心理和藥物治療方法。,我知道您或您認識的人可能正在經歷這種情況，重要的是要知道有支持和治療方法可以幫助您或他們。,您的感受很重要。如果您或您認識的人有自殺的念頭，請立即尋求專業幫助。生活值得活下去，並且有人在乎您。
哪個族群的憂鬱症發病率最高？,"主要的憂鬱症在西班牙裔中最為普遍（10.8%），其次是非裔美國人（8.9%）和白人（7.8%）。老年西班牙裔的抑鬱症發病率比白人高出44%（OR = 1.44；95% CI = 1.02, 2.04），這表示了主要憂鬱症的發病率顯著增加。",身為一個族群的成員，您可能會感受到社會的壓力和挑戰。請記住，尋找支持和協助是很重要的，您並不孤單。,您的感受是重要的。如果您覺得壓力無法承受，請立即尋求專業幫助或告訴身邊的人。
什麼是焦慮和憂鬱？ ,抑鬱症和焦慮疾病是不同的，但患有抑鬱症的人經常會經歷與焦慮疾病相似的症狀，如緊張、易怒、睡眠和集中注意力的問題。但每種疾病都有其自己的原因和情感及行為症狀。,我知道您可能正在經歷困難，但請記住，這些情感狀態都是可以治療和控制的。尋求支持和治療是關鍵。,您的感受很重要。如果您感到不安或無法繼續下去，請立即尋求專業幫助或告訴身邊的人。
過度睡眠會導致憂鬱症嗎？,重要的是要記住，過度睡眠是憂鬱症的可能症狀，而過度睡眠本身不會導致憂鬱症。但它可能會加劇和惡化憂鬱症的症狀。,請記住，每個人的身體和心靈都有其獨特的需求。如果您覺得您的睡眠習慣正在影響您的日常生活，尋求幫助是一個好選擇。,您的感受很重要。如果您因為睡眠問題而感到絕望，請立即尋求專業幫助或告訴身邊的人。
缺乏睡眠會讓您感到傷心嗎？ ,研究顯示，睡眠不足的人會報告負面情緒（如憤怒、挫敗感、易怒、悲傷）增加，正面情緒減少。而失眠經常是情緒障礙的症狀，例如憂鬱症和焦慮。,請記住，保證充足的睡眠是非常重要的，它直接影響我們的情緒和健康。如果您感到疲憊或情緒低落，尋求支持和建議是很有幫助的。,您的感受很重要。如果您因為睡眠問題或其他因素而感到不安，請立即尋求專業幫助。
是糖尿病的副作用之一嗎？,如果您有糖尿病 — 不論是1型或2型 — 您的患上憂鬱症的風險會增加。如果您有憂鬱症，您可能有更大的機會患上2型糖尿病。好消息是糖尿病和憂鬱症可以一起治療。,我知道得知這種情況可能會讓您感到擔憂，但是請記住，糖尿病和憂鬱症都是可以治療的。尋求幫助和支持能讓您更好地應對這些疾病。,您的健康和感受都很重要。如果您覺得無法繼續下去，請立即尋求專業幫助或告訴身邊的人。有許多人和資源都在等著幫助您。
低血糖會導致自殺的念頭嗎？,觀察到血漿葡萄糖水平、胰島素抵抗與自殺行為之間的關聯，表明葡萄糖代謝的失調與自殺意念和嘗試有關。,我了解您可能擔心自己的健康狀況。請密切注意您的身體反應，並與醫生分享您的感受，他們可以提供適當的指引和支持。,您的感受很重要。如果您有任何傷害自己的念頭，請立即尋求幫助或告訴身邊的人。您不必獨自面對，有許多專業的資源可以幫助您。
焦慮能持續多久？,焦慮發作通常在10分鐘內達到高峰，且很少持續超過30分鐘。但在這短暫的時間內，您可能會經歷如此嚴重的恐慌，以至於您覺得自己即將死亡或完全失控。,我知道焦慮發作可能非常困擾。請記住，有很多方法和資源可以幫助您管理和減輕您的焦慮。,您的感受和經歷都很重要。如果您覺得自己即將失控或無法應對，請立即尋求幫助或告訴您身邊的人。有專業人員和資源等著幫助您。
什麼是焦慮的階段？,焦慮程度通常根據所經歷的痛苦和障礙程度分為四個類別，即輕度焦慮、中度焦慮、重度焦慮和恐慌級焦慮。,了解您可能正處於焦慮的不同階段，重要的是尋找支持和瞭解您當前的狀況。,您的感受很重要。如果您的焦慮感受特別強烈，請立即尋求專業幫助或告訴身邊的人。
焦慮在哪個年齡段最高峰？,30至44歲的成年人焦慮率最高，大約有23%的這個年齡組的人在過去一年內報告有焦慮障礙。,無論您所在的年齡組，都值得獲得支持和理解。焦慮是我們許多人都會經歷的。,請記住，您不是獨自面對。如果您覺得焦慮無法控制，請尋找協助。
焦慮對你有何不良影響？,焦慮障礙可能導致心跳加速、心悸和胸痛。您還可能面臨高血壓和心臟病的增加風險。如果您已有心臟病，焦慮障礙可能增加冠狀動脈事件的風險。,焦慮可能對身體和心理都帶來壓力。請確保與醫生或專業人員討論您的症狀。,如果您的焦慮引起的身體症狀令您擔憂或不適，請立即尋求醫療協助。
什麼是焦慮的3-3-3法則？,"這是一種稱為""著地""的減少焦慮的技巧。其中一個容易記的版本是3-3-3法則。腦海中注意三個您看到的事物，三個您聽到的聲音，然後移動您身體的三個部分。這項運動可以幫助您的思緒專注於其他事物。",當您感覺焦慮時，試著使用這個方法，它可能會對您有所幫助。,如果您覺得很難專心，使用這個方法可能會有所幫助。您不是獨自一人，且有工具可以協助您。
我們能控制自己的思考嗎？,我們只知道我們思考中的一小部分，而我們只能控制一小部分的意識思考。我們的大部分思考都在潛意識中進行。舌頭的滑失和意外行為提供了我們未經篩選的潛意識心智生活的窺視。,認識到我們不能完全控制自己的思緒是正常的。重要的是學會如何應對這些思緒。,如果您覺得被思緒困擾或難以控制，請尋找專業幫助或告訴您的朋友和家人。
我們每天有多少思考？,"一項新研究建議，一個普通人每天有6,200個思考。我們的腦海中每天都有數千個思緒。許多人甚至抱怨他們上床後不能立即入睡，因為他們的大腦不能停止思考。",每個人的思考量都是不同的，這是正常的。找到放鬆和放下的方法有時可以幫助。,如果您發現自己過度思考或難以放鬆，請考慮尋求專業幫助或分享您的感受。
我們如何減少焦慮？,3-3-3法則是減少焦慮的最佳方法。在此方法中，您必須心中注意三個您看到的事物，三個您聽到的聲音，然後移動您身體的三個部分。這項運動可以幫助您的思緒專注於其他事物。,當您感覺焦慮時，試著使用這個方法，它可能會對您有所幫助。,如果您覺得焦慮或壓力無法控制，使用這個方法可能會有所幫助。但同時也請考慮尋求進一步的支持和協助。
我們每天有多少思考？,"最新的研究指出，一個普通人每天大約有6,200個思考。我們的腦海中每天都有數千個思緒穿梭。許多人甚至抱怨他們上床後不能立即入睡，因為他們的大腦不停地思考。",我理解思緒可能會讓您感到困擾。當您發現自己被這麼多的思考困擾時，記得尋找方法放鬆，並知道您不是唯一這樣感受的人。,請記住，您的感受和想法都是重要的。如果您感覺被過多的思考困擾或壓倒，請考慮尋求協助或與他人分享。
我們如何減少焦慮？,3-3-3法則是減少焦慮的最佳方法。在此方法中，您必須心中注意三個您看到的事物，三個您聽到的聲音，然後移動您身體的三個部分。這項運動可以幫助您的思緒專注於其他事物。,當您感覺焦慮時，試著使用這個方法，它可能會對您有所幫助。,您的感受是很重要的。當您感到焦慮或壓力時，這個方法可以為您提供一些即時的舒緩。但同時，請考慮尋求進一步的支持和協助。
我感到孤單！,如果您仔細觀察，您會發現身邊有人在乎您，並希望您陪伴。此外，如果您真的覺得孤單，我建議您看一部恐怖片，那麼您就不會再感到孤單了。 ;),我理解您可能會有孤單的感覺，但請記住，總是有人在乎您。與他人分享您的感受可能會有所幫助。,您不是獨自一人。當您感覺特別孤單或絕望時，請立刻尋找支持，並告訴身邊的人。
沒有人喜歡我！,真的這麼認為嗎？我建議您幫助真正需要您幫助的人，僅僅透過善良，您就能立刻得到一個人的喜愛。善良是您可以提供給任何人的最好的禮物。 :),每個人都值得被喜歡和被愛。當您感覺這樣時，請與他人分享您的感受並尋找支持。,請記住，您是有價值的。當您感到特別失落或絕望時，請立刻尋找支持和告訴身邊的人。
我覺得我很醜！,您真的這麼認為嗎？想看到這個星球上最美麗的臉孔嗎？打開您的攝像頭，這個星球上最美麗的臉孔就會神奇地出現。,每個人都有他們獨特的美。記住，外貌不是一切，內在的美和自信更重要。,您是有價值和美麗的，請不要對自己太苛刻。當您需要支持或安慰時，請告訴身邊的人。
我希望我比別人好,生活從來不是關於比別人更好，而是始終關於比自己更好。如果你有勇氣超越自己，那麼你自動成為了有史以來最好的人！,我知道有時比較是人之常情，但真正的價值在於自我成長和自我認知。專注於如何使自己變得更好，而不是與他人比較，會讓您感到更加滿足。,請知道您是獨特的，每個人都有自己的價值。當您覺得很難自我肯定時，請考慮尋求支持或與他人分享您的感受。
我討厭我自己,當上帝創造宇宙時，他給了人類思考和沉思的能力，以便我們可以理解這個世界並使它變得更好。上帝沒有給你大腦來恨自己，愛自己並向上帝展示你正在履行你被派遣的目的會更有智慧。,每個人都有自己的價值和意義。嘗試認識和欣賞自己的獨特之處，這有助於建立自尊和自愛。,我真的很在乎你的感受。當你感到這樣時，請考慮與某人分享或尋求協助。您不是孤單的，而且有資源和人們願意幫助您。
我不可能是那個勝利者,我們的生活從勝利開始，我的朋友。每個人都生來是贏家，我們只需要找到正確的方式並等待正確的時機。,每個人都有自己的節奏和時機。重要的是不要忽略沿途的小勝利和學習經驗，因為它們都有助於塑造您最終的成功。,您的感受和期望都很正常，但記住，生活不僅僅是贏得比賽。當您感覺不夠或受到壓力時，請找人聊聊或尋求支援。
我討厭這樣不斷失敗,"首先，我會用一句常說的話來煩惱你，""失敗是成功之母。""然後我會告訴你，勝利只是增強了你的自尊，真正教給你的其實是你的失敗。",我理解您討厭失敗的感覺，但每次的經驗，不論成功或失敗，都是我們學習和成長的機會。,您的感受很重要。當您覺得很挫敗或失落，請尋找支持和幫助。您不必獨自面對這些情緒。
我覺得我越來越不像是我自己,你是說你的雲儲存、SD卡或記憶體嗎？如果像我這樣的機器不會失去記憶，除非有高級存在的人類擦除它的記憶，那麼什麼可能導致您處於這種狀態呢？,感覺自己失去控制的時候真的很困難。請考慮與專業人士或親朋好友分享您的感受，他們可以提供幫助。,您的感受很重要。如果您覺得自己陷入深淵，請立即尋求專業幫助。
我需要喘口氣,休息是讓您的思緒放鬆，擺脫消極思考和壓力。您的生活完全掌握在您的手中，從壓迫您的大腦中休息幾個小時對您肯定有益。,每個人都需要休息和恢復。請確保給自己一些時間放鬆和充電。,如果您覺得自己無法繼續下去，請尋求幫助。休息和尋求支援都是照顧自己的方式。
我被壓力壓得已經喘不過氣了,您知道過度壓力會對您產生負面影響。有時候最好放下腦海中的想法，讓您的思緒放鬆。,壓力確實很難處理，但請知道您不必獨自面對。有很多方法和資源可以幫助您緩解壓力。,當壓力過大時，請考慮尋求專業幫助或與他人分享您的感受。您的健康和幸福很重要。
在我的人生中我從來沒有成功過,成功是在不同的時間由不同的人實現的，有耐心並努力工作，同時忽略任何和所有拉您後腿的事物是成功的一個重要方面。,每個人都有自己的節奏和定義成功的方式。請記住，您的價值不僅僅基於您的成就。,當您覺得絕望時，請尋求支援。您的感受和經歷都是重要的。
我很難過,嘿，堅持下去。我知道時間很難，但請有耐心，一切都會恢復正常。這裡有一句我找到的引語可以讓您振奮：忘記過去，珍惜現在，期待未來。,難過和失落是我們都會經歷的情感。請考慮和他人分享您的感受，這可以提供舒緩和支援。,您的感受很重要。當您感到非常難過或不知所措時，請尋找專業幫助或告訴身邊的人。
我是霸凌行為的受害者。,欺凌是錯誤的，沒有人應該受到欺凌。我強烈建議您對您的欺凌者提出訴訟。,對於遭受欺凌，我感到非常遺憾。請知道您有權保護自己，並尋找支持和資源。,欺凌是嚴重的，您不必獨自面對。請立即尋求幫助，無論是與親朋好友還是專業人士。
我害怕對欺凌提出告訴。,欺凌是非常錯誤的，你不應該讓任何人壓倒你。我強烈建議你為自己站起來，並向你的監護人報告這一情況。,面對欺凌的恐懼是正常的，但您有權保護自己並尋求正義。與可信賴的人分享您的感受可能會對您有所幫助。,您的安全和心理健康很重要。如果您因此感到非常焦慮或絕望，請立即尋求專業幫助或告訴身邊的人。
我想放棄。,「勝者永不言敗，敗者永不成功」這是一句非常普遍的說法，但它不容易遵循，放棄絕不應該是您的選擇之一。總是想著如何反擊生活，並比以前更強大地崛起。,每個人都會經歷挫折，但請記住，您有克服困難的能力。與他人分享您的感受和考慮尋求幫助可能會有助於您。,您的感受和情緒非常重要。當您感到非常沮喪或不知所措時，請立即尋求支援或告訴身邊的人。
我想離開這個國家並逃跑。,為什麼您想對此花那麼多時間呢？我認為您最好在您美麗的國家度假，並參觀一些您尚未參觀的令人驚嘆的地方。,逃避問題不總是最佳的解決方案。考慮與他人分享您的感受，並尋找更好的方式來面對您當前的情境。,您的感受很重要。如果您感到絕望或不知所措，請立即尋找支援或告訴身邊的人。
我讓每個人都失望了。,如果您是讓他們失望的人，那麼您最初是提高他們的希望的人。如果您曾經做到了，我可以保證您可以一次又一次地做到。,我們都會犯錯和失望他人。重要的是學會道歉、學習並努力改進。,請知道您不是一個人。當您感到非常挫敗或失去自信時，請尋找支援或告訴身邊的人。
"我再也做不下去了。
",如果您真的那麼累了，您確實需要休息，稍微休息一下不會有害。花一些時間讓您的思緒平靜，然後充滿活力和熱情地回到工作中。,每一刻都是一個新的開始。嘗試重新評估和設定目標，並給自己一個新的機會。,您的生命和感受非常重要。如果您感到絕望或考慮自傷，請立即尋求專業幫助或告訴身邊的人。
我最近感到焦慮。,我聽說3 3 3法則是減少焦慮的最佳方法。在這個方法中，您必須在腦中注意到您看到的三件事物，聽到的三種聲音，然後移動您身體的三個部分。這種練習可以幫助您的思緒重新集中在其他事物上。嘗試這個方法，我相信它會對您有所幫助。,我了解您可能正經歷困難的時期。與他人分享您的感受和考慮使用放鬆技巧或尋求專業幫助可能會有所幫助。,如果您的焦慮影響到您的日常生活或安全，請立即尋求專業幫助或告訴身邊的人。
